company,job_title,seniority,employment_type,job_function,industry,location,posted_date
Algoscale,Python Developer,Associate,Full-time,Engineering and Information Technology,Software Development,"Noida, Uttar Pradesh, India",3 weeks ago
In Time Tec,Python Developer (Open for Data Engineering),Entry level,Full-time,Engineering and Information Technology,Pharmaceutical Manufacturing,"Bengaluru, Karnataka, India",5 days ago
BuildingBlocks Software Services,"Python Developer - Bangalore, Chennai, Coimbatore",Associate,Full-time,Engineering and Information Technology,Information Technology & Services,"Chennai, Tamil Nadu, India",4 days ago
Ace Talent Consulting India,Python Developer - Junior & Senior Positions,Entry level,Full-time,Engineering and Information Technology,Human Resources Services,"Noida, Uttar Pradesh, India",3 weeks ago
CodersBrain,Junior Python Developer_Nivita_1+ Years_Immediate to 20 Days,Mid-Senior level,Full-time,Engineering and Information Technology,IT Services and IT Consulting,"Bengaluru North, Karnataka, India",4 days ago
Blue Ocean Ventures,Python Developer,Mid-Senior level,Full-time,Engineering and Information Technology,Staffing and Recruiting,"Bengaluru, Karnataka, India",1 week ago
Noviindus Technologies,Python Developer,Executive,Full-time,Engineering and Information Technology,Information Technology & Services,"Kozhikode, Kerala, India",1 week ago
NuStar Technologies,Python Developer,Mid-Senior level,Full-time,Engineering and Information Technology,Information Technology & Services,"Kochi, Kerala, India",1 week ago
NDOT,Python Developer,Associate,Full-time,Engineering and Information Technology,IT Services and IT Consulting,"Coimbatore, Tamil Nadu, India",1 week ago
Terralogic,L2 Python Automation,Entry level,Full-time,Engineering and Information Technology,Information Technology & Services,"Chennai, Tamil Nadu, India",1 month ago
Rapid Technologies,Python developer,Associate,Full-time,Engineering and Information Technology,IT Services and IT Consulting,"Hyderabad, Telangana, India",6 days ago
gnani.ai,Python Developer,Mid-Senior level,Full-time,Engineering and Information Technology,Software Development,"Bengaluru North, Karnataka, India",1 month ago
Fusion Plus Solutions Inc,Python/Pyspark,Entry level,Contract,Other,Information Technology & Services,"Hyderabad, Telangana, India",2 weeks ago
Fusion Plus Solutions Inc,Python Developer,Entry level,Contract,Engineering and Information Technology,Information Technology & Services,"Hyderabad, Telangana, India",2 weeks ago
Deutsche Bank,Python Full Stack Engineer- AVP,Mid-Senior level,Full-time,Engineering and Information Technology,Financial Services,"Pune, Maharashtra, India",1 day ago
Terralogic,Python Automation Engineer (SDET),Entry level,Full-time,Engineering and Information Technology,Information Technology & Services,"Bengaluru, Karnataka, India",1 month ago
Algorithma ,Python developer,Mid-Senior level,Full-time,Engineering and Information Technology,Financial Services,"Kochi, Kerala, India",4 days ago
Multi Recruit,Python Developer,Entry level,Full-time,Engineering and Information Technology,Staffing and Recruiting,"Bengaluru, Karnataka, India",1 week ago
Acme Services,Python Developer,Entry level,Full-time,Other,Human Resources Services,"Delhi Cantonment, Delhi, India",3 weeks ago
Capleo Global,Python Developer,Entry level,Full-time,Engineering and Information Technology,IT Services and IT Consulting,"Bangalore Urban, Karnataka, India",2 weeks ago
Sinewave Computer Services Pvt. Ltd.,Python Developer,Associate,Full-time,Engineering and Information Technology,IT Services and IT Consulting,"Pune, Maharashtra, India",1 month ago
Azure Knowledge Corporation,Python Developer,Entry level,Full-time,Engineering and Information Technology,Market Research,"Ahmedabad, Gujarat, India",1 day ago
,,,,,,,
Walkover,Python Developer,Associate,Full-time,Engineering and Information Technology,Software Development,"Madhya Pradesh, India",1 month ago
Acrivision Technologies,Python Developer,Associate,Full-time,Engineering and Information Technology,IT Services and IT Consulting,"Pune, Maharashtra, India",1 month ago
Technosoft Engineering,Junior Data Analyst,Mid-Senior level,Full-time,Information Technology,Staffing and Recruiting,"Thane, Maharashtra, India",6 days ago
Acrivision Technologies,Python Developer,Associate,Full-time,Engineering and Information Technology,IT Services and IT Consulting,"Pune, Maharashtra, India",1 month ago
Vegam Solutions,Python Developer,Mid-Senior level,Full-time,Engineering and Information Technology,Information Technology & Services,"Bengaluru North, Karnataka, India",1 month ago
2COMS Consulting Pvt. Ltd.,Python Developer,Mid-Senior level,Full-time,Engineering and Information Technology,IT Services and IT Consulting,"Mumbai, Maharashtra, India",5 days ago
NuStar Technologies,DevOps Engineer with Python skills,Mid-Senior level,Full-time,Engineering and Information Technology,Information Technology & Services,"Bangalore Urban, Karnataka, India",3 weeks ago
Gigmo Solutions,Python Developer,Entry level,Full-time,Engineering and Information Technology,"Software Development, Technology, Information and Internet, and Technology, Information and Media","Gurugram, Haryana, India",5 days ago
Rigved Technologies Pvt Ltd,Python Developer,Associate,Full-time,Engineering and Information Technology,"IT Services and IT Consulting, Software Development, and Technology, Information and Internet","Mumbai, Maharashtra, India",1 month ago
KreditBee,Kreditbee - Data Analyst - Python/MySQL,Entry level,Full-time,Information Technology,"Software Development, Technology, Information and Media, and Data Infrastructure and Analytics","Bengaluru, Karnataka, India",3 weeks ago
Red Embedded,Junior Python Test Engineer,Associate,Full-time,Information Technology,"Technology, Information and Internet","Hyderabad, Telangana, India",4 weeks ago
Easebuzz,Easebuzz - Backend Developer - Python/Django,Entry level,Full-time,Engineering and Information Technology,"Software Development, Technology, Information and Internet, and Technology, Information and Media","Pune, Maharashtra, India",4 weeks ago
Blue Ocean Ventures,Python core Developer,Mid-Senior level,Full-time,Engineering and Information Technology,Staffing and Recruiting,"Bengaluru, Karnataka, India",1 week ago
CodersBrain,Python developer_Urgent hiring,Mid-Senior level,Full-time,Engineering and Information Technology,IT Services and IT Consulting,"Bengaluru, Karnataka, India",4 days ago
PeopleDecode,Python Developer,Entry level,Full-time,Engineering and Information Technology,Information Technology & Services,"Bengaluru, Karnataka, India",1 month ago
IDP Education Ltd,Python Developer,Mid-Senior level,Full-time,Engineering and Information Technology,Education Administration Programs,"Coimbatore, Tamil Nadu, India",1 month ago
Vidhema Technologies,Python Developer,Mid-Senior level,Full-time,Engineering and Information Technology,IT Services and IT Consulting,"Jaipur, Rajasthan, India",4 weeks ago
Actowiz Solutions,Python Development Internship in Ahmedabad at Actowiz Solutions,Internship,Full-time,Other,"Software Development, Higher Education, and Technology, Information and Internet","Ahmedabad, Gujarat, India",1 week ago
albanero,Python - Backend Engineer,Entry level,Full-time,Engineering and Information Technology,"IT Services and IT Consulting, Software Development, and Technology, Information and Internet","Hyderabad, Telangana, India",1 week ago
Vee Technologies,Associate Software Engineer - Python,Entry level,Full-time,Engineering and Information Technology,Outsourcing and Offshoring Consulting,"Bengaluru, Karnataka, India",1 day ago
NR Consulting,Python,Not Applicable,Full-time,Other,IT Services and IT Consulting,"Bengaluru, Karnataka, India",1 month ago
SoHo Dragon,Python Developer,Entry level,Other,Engineering and Information Technology,IT Services and IT Consulting,"Ahmedabad, Gujarat, India",1 month ago
NR Consulting,Python Developer,Entry level,Full-time,Engineering and Information Technology,IT Services and IT Consulting,"Bengaluru, Karnataka, India",1 month ago
Azure Knowledge Corporation,Python Developer,Entry level,Full-time,Engineering and Information Technology,Market Research,"Ahmedabad, Gujarat, India",1 day ago
CyborgIntell,Python developer,Mid-Senior level,Full-time,Engineering and Information Technology,Software Development,"Bengaluru North, Karnataka, India",1 month ago
Digitap.ai,Python Backend Developer,Entry level,Full-time,Engineering and Information Technology,Financial Services,"Bengaluru, Karnataka, India",4 days ago
Deloitte Asia Pacific,Enabling Areas - Python Developer - Sr Executive/AM,Mid-Senior level,Full-time,Engineering and Information Technology,Business Consulting and Services,"Bengaluru, Karnataka, India",1 month ago
Netcore Cloud,Python Developer - Mumbai/ Bangalore,Mid-Senior level,Full-time,Engineering and Information Technology,Software Development,"Mumbai, Maharashtra, India",4 days ago
OpeninApp,Full time - Deep Learning and Ai (On Site),Associate,Internship,Engineering and Information Technology,"Technology, Information and Internet","Bengaluru, Karnataka, India",4 days ago
Ajmera Infotech Inc.,Software Developer - Trainee,Entry level,Full-time,Engineering and Information Technology,IT Services and IT Consulting,"Ahmedabad, Gujarat, India",5 days ago
Fusion Plus Solutions Inc,python,Entry level,Full-time,Other,Information Technology & Services,"Hyderabad, Telangana, India",2 weeks ago
Blink n Hire Recruitment Solutions,Python/ Django Developer(Remote),Associate,Full-time,Engineering and Information Technology,Software Development,"Ahmedabad, Gujarat, India",1 day ago
Million IQ Solutions,Python,Mid-Senior level,Full-time,Other,IT Services and IT Consulting,"Bengaluru, Karnataka, India",4 days ago
Yoga Bar (Sprout Life Foods),Business Analyst Intern,Entry level,Internship,"Research, Analyst, and Information Technology",Food and Beverage Services,"Bengaluru, Karnataka, India",4 days ago
"Neelavath Software Solutions, CJ Manpower solutions",Python Development Internship in Coimbatore at Nitroware Technologies,Internship,Full-time,Other,"Software Development, Higher Education, and Technology, Information and Internet","Coimbatore, Tamil Nadu, India",1 week ago
Algorithma ,Python Developer,Mid-Senior level,Full-time,Engineering and Information Technology,Financial Services,"Kochi, Kerala, India",4 days ago
Fusion Plus Solutions Inc,Python,Entry level,Full-time,Other,Information Technology & Services,"Hyderabad, Telangana, India",2 weeks ago
Easebuzz,Easebuzz - Full Stack Engineer - Python/Django,Entry level,Full-time,Engineering and Information Technology,"Software Development, Technology, Information and Internet, and Technology, Information and Media","Pune, Maharashtra, India",5 days ago
Fusion Plus Solutions Inc,"Python,SQL",Entry level,Full-time,Other,Information Technology & Services,"Hyderabad, Telangana, India",2 weeks ago
ValueLabs,Python Developer,Mid-Senior level,Full-time,Engineering and Information Technology,IT Services and IT Consulting,"Hyderabad, Telangana, India",1 day ago
LTIMindtree,LTI Mindtree is Hiring - Python Developers,Entry level,Full-time,Engineering and Information Technology,Staffing and Recruiting,Greater Kolkata Area,1 week ago
Geeta Engineering,Performance and Analytics Engineer,Entry level,Full-time,Information Technology,Staffing and Recruiting,"Dhubri, Assam, India",1 week ago
Multicloud4U® Technologies,Python Developer,Associate,Full-time,Engineering and Information Technology,Information Technology & Services,"Gurgaon, Haryana, India",2 weeks ago
Unite Career Solutions,Data Analyst Trainee,Entry level,Full-time,Information Technology,Information Services,"Chennai, Tamil Nadu, India",4 days ago
Assystant,Python/Django Development work from home job/internship at Assystant,Internship,Full-time,Other,"Software Development, Higher Education, and Technology, Information and Internet",India,4 days ago
CodersBrain,Python developer+DB_Nivita,Associate,Full-time,Engineering and Information Technology,IT Services and IT Consulting,"Bengaluru North, Karnataka, India",4 days ago
albanero,Python - Backend Engineer,Entry level,Full-time,Engineering and Information Technology,"IT Services and IT Consulting, Software Development, and Technology, Information and Internet","Hyderabad, Telangana, India",1 week ago
Innova Unified Management Services Pvt. Ltd,Python Developer,Executive,Full-time,Engineering and Information Technology,IT Services and IT Consulting,Greater Kolkata Area,2 weeks ago
CodersBrain,Python developer_Urgent hiring,Mid-Senior level,Full-time,Engineering and Information Technology,IT Services and IT Consulting,"Bengaluru, Karnataka, India",4 days ago
LTIMindtree,LTI Mindtree is Hiring - Python Developers,Entry level,Full-time,Engineering and Information Technology,Staffing and Recruiting,"Noida, Uttar Pradesh, India",1 week ago
Fusion Plus Solutions Inc,Python TL,Entry level,Full-time,Other,Information Technology & Services,"Hyderabad, Telangana, India",2 weeks ago
Geeta Engineering,Performance and Analytics Engineer,Entry level,Full-time,Information Technology,Staffing and Recruiting,"Bhubaneswar, Odisha, India",1 week ago
Recex.co,Backend Developer Python,Associate,Full-time,Engineering and Information Technology,Information Services,Greater Kolkata Area,1 month ago
Blue Ocean Ventures,Python core Developer,Mid-Senior level,Full-time,Engineering and Information Technology,Staffing and Recruiting,"Bengaluru, Karnataka, India",1 week ago
Terralogic,Automation Engineer (Python/Java/JS),Entry level,Full-time,Engineering and Information Technology,Information Technology & Services,"Bengaluru, Karnataka, India",1 month ago
CodersBrain,Python Developer,Associate,Full-time,Engineering and Information Technology,IT Services and IT Consulting,"Bengaluru, Karnataka, India",4 weeks ago
Aryng,Data Scientist - Remote (Pune),Mid-Senior level,Full-time,Other,"Technology, Information and Internet","Pune, Maharashtra, India",1 week ago
Fusion Plus Solutions Inc,Python Developer,Entry level,Contract,Engineering and Information Technology,Information Technology & Services,"Hyderabad, Telangana, India",2 weeks ago
GM Infotech,python developer,Entry level,Full-time,Other,IT Services and IT Consulting,"Pune, Maharashtra, India",1 month ago
Vingsfire HRIM Pvt Ltd,Python Developer,Executive,Full-time,Engineering and Information Technology,IT Services and IT Consulting,"Chennai, Tamil Nadu, India",3 weeks ago
Aviox Technologies Pvt. Ltd.,Python Developer,Executive,Full-time,Engineering and Information Technology,Software Development,"Sahibzada Ajit Singh Nagar, Punjab, India",1 month ago
StatusNeo,Python Developer,Mid-Senior level,Full-time,Engineering and Information Technology,Business Consulting and Services,"Bengaluru North, Karnataka, India",1 month ago
Euphoric Thought Technologies Pvt. Ltd.,Python Developer,Associate,Full-time,Engineering and Information Technology,Software Development,"Bengaluru East, Karnataka, India",1 month ago
Easebuzz,Easebuzz - Backend Developer - Python/Django,Entry level,Full-time,Engineering and Information Technology,"Software Development, Technology, Information and Internet, and Technology, Information and Media","Pune, Maharashtra, India",4 weeks ago
Minivet System LLP,Python Developer,Entry level,Full-time,Engineering and Information Technology,Staffing and Recruiting,"Kolkata, West Bengal, India",1 month ago
Ace Talent Consulting India,Python Developer - Junior & Senior Positions,Entry level,Full-time,Engineering and Information Technology,Human Resources Services,"Noida, Uttar Pradesh, India",3 weeks ago
Wolken Software,MySQL Developer,Associate,Full-time,Engineering and Information Technology,Software Development,"Bengaluru North, Karnataka, India",1 month ago
Skillbit,Python Development part time job/internship at Pune in SkillBit,Internship,Part-time,Other,"Software Development, Higher Education, and Technology, Information and Internet","Pune, Maharashtra, India",1 week ago
Deutsche Bank,Python Full Stack Engineer- AVP,Mid-Senior level,Full-time,Engineering and Information Technology,Financial Services,"Pune, Maharashtra, India",1 day ago
Techasoft Pvt Ltd,Python Developer,Entry level,Full-time,Engineering and Information Technology,Staffing and Recruiting,"Bengaluru, Karnataka, India",1 month ago
Terralogic,Backend Developer/ Lead with Python + API’s,Mid-Senior level,Full-time,Engineering and Information Technology,Information Technology & Services,"Sri Potti Sri Ramulu Nellore, Andhra Pradesh, India",1 month ago
Redian Software Global,Python Developer,Mid-Senior level,Full-time,Engineering and Information Technology,Software Development,"Noida, Uttar Pradesh, India",5 days ago
CodersBrain,Python Developer_ITI_IBM,Entry level,Full-time,Engineering and Information Technology,IT Services and IT Consulting,"Bengaluru, Karnataka, India",4 weeks ago
Algoscale,Python Developer,Associate,Full-time,Engineering and Information Technology,Software Development,"Noida, Uttar Pradesh, India",3 weeks ago
Azure Knowledge Corporation,Python Developer,Entry level,Full-time,Engineering and Information Technology,Market Research,"Ahmedabad, Gujarat, India",1 day ago
Employee Forums,Looking for Python Developer - Numpy/Pandas,Entry level,Full-time,Engineering and Information Technology,Staffing and Recruiting,"Gurgaon, Haryana, India",3 days ago
Capleo Global,Python Developer,Entry level,Full-time,Engineering and Information Technology,IT Services and IT Consulting,"Bangalore Urban, Karnataka, India",2 weeks ago
